klems_code,bls_capital_naics,oews_naics,oews_own_code,note
111CA,111-112,,,OEWS does not survey crop or animal production
113FF,113-115,113000;114000;115000,5,
211,211,211000,5,
212,212,212000,5,
213,213,213000,5,
22,22,221000,5,
23,23,23,5,
321,321,321000,5,
327,327,327000,5,
331,331,331000,5,
332,332,332000,5,
333,333,333000,5,
334,334,334000,5,
335,335,335000,5,
3361MV,3361-3363,336100;336200;336300,5,
3364OT,3364-3369,336400;336500;336600;336900,5,
337,337,337000,5,
339,339,339000,5,
311FT,311-312,311000;312000,5,
313TT,313-314,313000;314000,5,
315AL,315-316,315000;316000,5,
322,322,322000,5,
323,323,323000,5,
324,324,324000,5,
325,325,325000,5,
326,326,326000,5,
42,42,42,5,
44RT,"44,45",44-45,5,
481,481,481000,5,
482,482,482000,5,
483,483,483000,5,
484,484,484000,5,
485,485,485000,5,
486,486,486000,5,
487OS,"487,488,492",487000;488000;492000,5,
493,493,493000,5,
511,511,511000,5,BEA lists NAICS 511 and 516; NAICS 516 does not exist after 2007
512,512,512000,5,
513,"515,517",515000;517000,5,
514,518-519,518000;519000,5,
521CI,521-522,521000;522000,5,
523,523,523000,5,
524,524,524000,5,
525,525,525000,5,
531,531,531000,5,
532RL,532-533,532000;533000,5,
5411,5411,541100,5,
5415,5415,541500,5,
5412OP,"5412-5414,5416-5419",541200;541300;541400;541600;541700;541800;541900,5,
55,55,551000,5,
561,561,561000,5,
562,562,562000,5,
61,61,611000,5,private schools only; government schools are in GSL
621,621,621000,5,
622HO,622-623,622000;623000,5,private hospitals and nursing homes only; government ones are in GF/GSL
624,624,624000,5,
711AS,711-712,711000;712000,5,
713,713,713000,5,
721,721,721000,5,
722,722,722000,5,
81,81,81,5,
GF,,999101,1,federal government including the US Postal Service; no BLS capital detail for government
GSL,,999201;999301,2;3,state and local government including their schools and hospitals; no BLS capital detail for government
