code,emoji,why
GSL,🏫,"state and local government is mostly schools"
GF,🏛️,"federal government"
531,🏠,"real estate (includes housing)"
44RT,🛒,"retail trade"
42,📦,"wholesale trade"
5412OP,📊,"accounting, consulting, engineering, advertising and other professional services"
23,🏗️,"construction"
621,🩺,"ambulatory health care"
521CI,🏦,"banking and credit"
622HO,🏥,"hospitals and nursing homes"
524,☂️,"insurance"
561,📋,"administrative and support services"
513,📡,"broadcasting and telecom"
81,💇,"other services (repair, personal care, organizations)"
722,🍔,"food services and drinking places"
55,👔,"management of companies"
325,🧪,"chemical products"
5415,💻,"computer systems design"
22,⚡,"utilities"
523,📈,"securities and investments"
311FT,🥫,"food, beverage and tobacco products"
5411,⚖️,"legal services"
334,🖥️,"computer and electronic products"
61,🎓,"educational services"
511,📚,"publishing (includes software)"
514,🌐,"data processing and internet"
532RL,🔑,"rental and leasing"
484,🚚,"truck transportation"
3361MV,🚗,"motor vehicles"
211,🛢️,"oil and gas extraction"
721,🏨,"accommodation"
3364OT,🚀,"aerospace, ships, rail and other transport equipment"
111CA,🌾,"farms"
333,⚙️,"machinery"
332,🔩,"fabricated metals"
624,🤝,"social assistance"
487OS,📬,"couriers, transport support and other transportation"
711AS,🎭,"performing arts, sports and museums"
324,⛽,"petroleum and coal products"
512,🎬,"motion pictures and sound"
339,🧸,"miscellaneous manufacturing (toys, jewelry, medical supplies)"
713,🎢,"amusement and recreation"
326,🧴,"plastics and rubber"
493,🗄️,"warehousing and storage"
331,⛓️,"primary metals"
327,🧱,"nonmetallic minerals (cement, glass, brick)"
335,🔌,"electrical equipment"
322,🧻,"paper products"
213,🔧,"support activities for mining"
562,♻️,"waste management"
212,⛏️,"mining except oil and gas"
482,🚆,"rail transportation"
485,🚌,"transit and ground passenger"
486,💨,"pipeline transportation"
323,🖨️,"printing"
113FF,🌲,"forestry and fishing"
321,🪵,"wood products"
337,🪑,"furniture"
313TT,🧵,"textiles"
483,🚢,"water transportation"
315AL,👕,"apparel and leather"
525,💰,"funds, trusts and other financial vehicles"
481,✈️,"air transportation"
